INSERT INTO PaginaAcoesVisitor (PaginaAcoesVisitor_type, id, version, description) VALUES ('PaginaGenenericaAcoesVisitor', 1,0, 'yghjgjhgjhgh');
INSERT INTO PaginaAcoesVisitor (PaginaAcoesVisitor_type, id, version, description) VALUES ('TestingDecoratorsAcoesVisitor', 2,0, 'hjythhfghfg');
INSERT INTO Elemento (id, version, description, nome, xpath, visitor_id) VALUES (1, 0, 'P1E1','P1E1','@DSDSD', 1);
INSERT INTO Elemento (id, version, description, nome, xpath, visitor_id) VALUES (2, 0, 'P1E2','P1E2','@DSDSD', 1);
INSERT INTO Elemento (id, version, description, nome, xpath, visitor_id) VALUES (3, 0, 'P1E3','P1E3','@DSDSD', 1);
INSERT INTO Elemento (id, version, description, nome, xpath, visitor_id) VALUES (4, 0, 'P2E1','P2E1','@DSDSD', 2);
INSERT INTO Acao (Acao_type, id, version, description, elemento_id) VALUES ('AcaoClicarBotao', 1, 0, 'asdsdas', 1);
INSERT INTO Acao (Acao_type, id, version, description, elemento_id) VALUES ('AcaoPreencherCampo', 2, 0, 'asdsdas', 1);
INSERT INTO Acao (Acao_type, id, version, description, elemento_id) VALUES ('AcaoClicarBotao', 3, 0, 'asdsdas', 2);
INSERT INTO Acao (Acao_type, id, version, description, elemento_id) VALUES ('AcaoPreencherCampo', 4, 0, 'asdsdas', 2);
INSERT INTO Acao (Acao_type, id, version, description, elemento_id) VALUES ('AcaoClicarBotao', 5, 0, 'asdsdas', 3);
INSERT INTO Acao (Acao_type, id, version, description, elemento_id) VALUES ('AcaoPreencherCampo', 6, 0, 'asdsdas', 3);
INSERT INTO Acao (Acao_type, id, version, description, elemento_id) VALUES ('AcaoClicarBotao', 7, 0, 'asdsdas', 4);
INSERT INTO Acao (Acao_type, id, version, description, elemento_id) VALUES ('AcaoPreencherCampo', 8, 0, 'asdsdas', 4);
